Número do Pedido;Cód. Fornecedor;Fornecedor;Cód. Obra;Obra;Data do Pedido;Comprador;Situação dos Pedidos;Total do Pedido;Total Pendente;Total Entregue;Departamento;Centro Custo;Ações
585;3311;ELIZABETE MONTEIRO ALVES;70100;ESPAÇO ARQOS;05/01/2024;LILIANE SILVA;Cancelado;R$ 3.017,20;;;FACILITIES;ESPAÇO ARQOS;
586;3311;ELIZABETE MONTEIRO ALVES;70020;FACILITIES;05/01/2024;LILIANE SILVA;Totalmente entregue;R$ 1.724,49;;R$ 1.724,49;FACILITIES;FACILITIES;
587;3657;VERONA INDUSTRIA DE PLASTICOS LTDA;70047;PRESIDENCIA;08/01/2024;LILIANE SILVA;Totalmente entregue;R$ 6.642,66;;R$ 6.642,66;PRESIDENCIA;PRESIDENCIA;
588;2979;VCH - IMPORTADORA, EXPORTADORA E DISTRIBUICAO DE PRODUTOS LTDA;70020;FACILITIES;08/01/2024;LILIANE SILVA;Totalmente entregue;R$ 1.180,90;;R$ 1.180,90;FACILITIES;FACILITIES;
589;3553;SCANSOURCE BRASIL DISTRIBUIDORA DE TECNOLOGIAS LTDA;51010;PROJETO - VISTA ALTA;09/01/2024;TAMARA MENDES;Totalmente entregue;R$ 6.900,00;;R$ 6.900,00;BN Engenharia;EXECUÇÃO DE OBRA - BN;
590;2683;CREATIVE WALL COMERCIO EIRELI;70019;MARKETING;10/01/2024;LILIANE SILVA;Totalmente entregue;R$ 10.000,00;;R$ 10.000,00;MARKETING;MARKETING;
591;3599;JNA COMERCIAL IMPORTACAO E EXPORTACAO DE FERRAMENTAS EIRELI;51010;PROJETO - VISTA ALTA;12/01/2024;TAMARA MENDES;Totalmente entregue;R$ 1.322,00;;R$ 1.322,00;BN Engenharia;EXECUÇÃO DE OBRA - BN;
592;3305;NEW FAST IMPRESSOES E COMUNICACAO VISUAL LTDA;70018;FINANCEIRO;15/01/2024;Matheus Maia Elias ;Totalmente entregue;R$ 1.000,00;;R$ 1.000,00;FINANCEIRO;FINANCEIRO;
593;3415;BRS SP SUPRIMENTOS CORPORATIVOS LTDA;70020;FACILITIES;15/01/2024;Matheus Maia Elias ;Totalmente entregue;R$ 508,47;;R$ 508,47;FACILITIES;FACILITIES;
594;3415;BRS SP SUPRIMENTOS CORPORATIVOS LTDA;70020;FACILITIES;15/01/2024;Matheus Maia Elias ;Totalmente entregue;R$ 692,30;;R$ 692,30;FACILITIES;FACILITIES;
595;3663;FORTLIGHT ILUMINACAO INDUSTRIA LTDA;12010;PROJETO TAG;16/01/2024;Matheus Maia Elias ;Totalmente entregue;R$ 4.067,54;;R$ 4.067,54;LOTEAMENTO;INCORPORAÇÃO/LOTEAMENTO;
596;3588;COPLAS INDUSTRIA DE PLASTICOS LTDA;51010;PROJETO - VISTA ALTA;18/01/2024;TAMARA MENDES;Totalmente entregue;R$ 2.411,92;;R$ 2.411,92;BN Engenharia;EXECUÇÃO DE OBRA - BN;
597;3407;CLAUDINEIA RIBEIRO DA SILVA;75000;PROJETO ESTÂNCIA PARQUE ATIBAIA II;18/01/2024;LILIANE SILVA;Cancelado;R$ 8.970,00;;R$ 7.395,00;LOTEAMENTO;CONSTRUÇÃO;
598;3656;FABIO WILLIANS INACIO;51010;PROJETO - VISTA ALTA;19/01/2024;Matheus Maia Elias ;Totalmente entregue;R$ 838,76;;R$ 838,76;MARKETING;MARKETING;
599;3588;COPLAS INDUSTRIA DE PLASTICOS LTDA;51010;PROJETO - VISTA ALTA;22/01/2024;TAMARA MENDES;Totalmente entregue;R$ 441,76;;R$ 441,76;BN Engenharia;EXECUÇÃO DE OBRA - BN;
600;3599;JNA COMERCIAL IMPORTACAO E EXPORTACAO DE FERRAMENTAS EIRELI;51010;PROJETO - VISTA ALTA;22/01/2024;TAMARA MENDES;Totalmente entregue;R$ 766,00;;R$ 766,00;BN Engenharia;EXECUÇÃO DE OBRA - BN;
601;3574;COMPARE SOLUCOES E SUPRIMENTOS INDUSTRIAIS LTDA;51010;PROJETO - VISTA ALTA;24/01/2024;TAMARA MENDES;Totalmente entregue;R$ 4.300,00;;R$ 4.300,00;BN Engenharia;EXECUÇÃO DE OBRA - BN;
602;3311;ELIZABETE MONTEIRO ALVES;51010;PROJETO - VISTA ALTA;24/01/2024;Matheus Maia Elias ;Totalmente entregue;R$ 3.017,20;;R$ 3.017,20;MARKETING;MARKETING;
603;3415;BRS SP SUPRIMENTOS CORPORATIVOS LTDA;51010;PROJETO - VISTA ALTA;24/01/2024;Matheus Maia Elias ;Totalmente entregue;R$ 662,99;;R$ 662,99;MARKETING;MARKETING;
604;3484;TELAS PEREIRA MACHADO COMERCIO E REPRESENTACOES LTDA;51010;PROJETO - VISTA ALTA;26/01/2024;TAMARA MENDES;Totalmente entregue;R$ 4.650,00;;R$ 4.650,00;BN Engenharia;EXECUÇÃO DE OBRA - BN;
605;3429;TRANSPORTE DE AGUA POTAVEL ER TOLEDO LTDA;51010;PROJETO - VISTA ALTA;26/01/2024;TAMARA MENDES;Pendente;R$ 9.100,00;R$ 9.100,00;;BN Engenharia;EXECUÇÃO DE OBRA - BN;
606;2900;MEMORO PRESENTES LTDA;70018;FINANCEIRO;26/01/2024;LILIANE SILVA;Totalmente entregue;R$ 705,70;;R$ 705,70;FINANCEIRO;FINANCEIRO;
607;2989;ILLYCAFFE SUD AMERICA COMERCIO, IMPORTACAO E EXPORTACAO LTDA;70020;FACILITIES;29/01/2024;EVANEA GOMES DA SILVA;Totalmente entregue;R$ 1.053,00;;R$ 1.053,00;FACILITIES;FACILITIES;
608;562;IVETY M FONSECA AURELIO CARTUCHOS ME;70020;FACILITIES;29/01/2024;Matheus Maia Elias ;Totalmente entregue;R$ 599,90;;R$ 599,90;FACILITIES;FACILITIES;
609;2979;VCH - IMPORTADORA, EXPORTADORA E DISTRIBUICAO DE PRODUTOS LTDA;70020;FACILITIES;30/01/2024;Matheus Maia Elias ;Totalmente entregue;R$ 1.101,45;;R$ 1.101,45;FACILITIES;FACILITIES;
612;1762;MARTINS DA COSTA & CIA LTDA;70047;PRESIDENCIA;05/02/2024;Matheus Maia Elias ;Totalmente entregue;R$ 639,91;;R$ 639,91;PRESIDENCIA;PRESIDENCIA;
613;3594;CASA SANTA LUZIA IMPORTADORA LTDA;70047;PRESIDENCIA;05/02/2024;Matheus Maia Elias ;Totalmente entregue;R$ 19.180,00;;R$ 19.180,00;PRESIDENCIA;PRESIDENCIA;
615;3704;TRANSPORTADORA MINUANO LTDA;51010;PROJETO - VISTA ALTA;14/02/2024;TAMARA MENDES;Totalmente entregue;R$ 78,03;;R$ 78,03;BN Engenharia;EXECUÇÃO DE OBRA - BN;
616;3707;ROMAGNOLE PRODUTOS ELETRICOS S.A.;75000;PROJETO ESTÂNCIA PARQUE ATIBAIA II;15/02/2024;Matheus Maia Elias ;Totalmente entregue;R$ 29.459,24;;R$ 29.459,24;Engenharia 3ºs;CONSTRUÇÃO;
617;3708;ROMAGNOLE PRODUTOS ELETRICOS S.A.;75000;PROJETO ESTÂNCIA PARQUE ATIBAIA II;15/02/2024;Matheus Maia Elias ;Totalmente entregue;R$ 40.178,39;;R$ 40.178,39;Engenharia 3ºs;CONSTRUÇÃO;
618;3706;ROMAGNOLE PRODUTOS ELETRICOS S.A.;75000;PROJETO ESTÂNCIA PARQUE ATIBAIA II;15/02/2024;Matheus Maia Elias ;Totalmente entregue;R$ 14.384,79;;R$ 14.384,79;Engenharia 3ºs;CONSTRUÇÃO;
619;3709;ONIX DISTRIBUIDORA DE PRODUTOS ELETRICOS LTDA;75000;PROJETO ESTÂNCIA PARQUE ATIBAIA II;15/02/2024;Matheus Maia Elias ;Cancelado;R$ 63.579,33;;R$ 63.572,97;Engenharia 3ºs;CONSTRUÇÃO;
620;3707;ROMAGNOLE PRODUTOS ELETRICOS S.A.;75000;PROJETO ESTÂNCIA PARQUE ATIBAIA II;19/02/2024;Matheus Maia Elias ;Cancelado;R$ 29.459,24;;;LOTEAMENTO;CONSTRUÇÃO;
621;3708;ROMAGNOLE PRODUTOS ELETRICOS S.A.;75000;PROJETO ESTÂNCIA PARQUE ATIBAIA II;19/02/2024;Matheus Maia Elias ;Cancelado;R$ 40.178,39;;;LOTEAMENTO;CONSTRUÇÃO;
622;3706;ROMAGNOLE PRODUTOS ELETRICOS S.A.;75000;PROJETO ESTÂNCIA PARQUE ATIBAIA II;19/02/2024;Matheus Maia Elias ;Cancelado;R$ 14.384,79;;;LOTEAMENTO;CONSTRUÇÃO;
623;3709;ONIX DISTRIBUIDORA DE PRODUTOS ELETRICOS LTDA;75000;PROJETO ESTÂNCIA PARQUE ATIBAIA II;19/02/2024;Matheus Maia Elias ;Cancelado;R$ 75.754,10;;;LOTEAMENTO;CONSTRUÇÃO;
624;3713;OLYRA SERVICOS E COMERCIO LTDA;70020;FACILITIES;19/02/2024;Matheus Maia Elias ;Totalmente entregue;R$ 1.319,00;;R$ 1.319,00;FACILITIES;FACILITIES;
625;1537;MAGAZINE LUIZA S/A;70018;FINANCEIRO;20/02/2024;Matheus Maia Elias ;Totalmente entregue;R$ 3.652,18;;R$ 3.652,18;FINANCEIRO;FINANCEIRO;
626;3319;ELIZABETE MONTEIRO ALVES;70020;FACILITIES;26/02/2024;Matheus Maia Elias ;Totalmente entregue;R$ 1.124,87;;R$ 1.124,87;FACILITIES;FACILITIES;
627;3415;BRS SP SUPRIMENTOS CORPORATIVOS LTDA;70020;FACILITIES;26/02/2024;Matheus Maia Elias ;Totalmente entregue;R$ 597,26;;R$ 597,26;FACILITIES;FACILITIES;
628;2619;KALUNGA SA;70020;FACILITIES;26/02/2024;Matheus Maia Elias ;Cancelado;R$ 303,73;;;FACILITIES;FACILITIES;
629;2979;VCH - IMPORTADORA, EXPORTADORA E DISTRIBUICAO DE PRODUTOS LTDA;70020;FACILITIES;26/02/2024;Matheus Maia Elias ;Totalmente entregue;R$ 1.180,90;;R$ 1.180,90;FACILITIES;FACILITIES;
630;3406;X MADEIRAS COMERCIO DE MATERIAIS PARA CONSTRUCAO LTDA;75000;PROJETO ESTÂNCIA PARQUE ATIBAIA II;29/02/2024;Matheus Maia Elias ;Totalmente entregue;R$ 400,00;;R$ 400,00;Engenharia 3ºs;CONSTRUÇÃO;
632;3319;ELIZABETE MONTEIRO ALVES;70100;ESPAÇO ARQOS;04/03/2024;Matheus Maia Elias ;Cancelado;R$ 1.374,46;;;FACILITIES;ESPAÇO ARQOS;
633;3242;SPEEDAIR FILTROS E EQUIPAMENTOS LTDA;70020;FACILITIES;04/03/2024;Matheus Maia Elias ;Totalmente entregue;R$ 802,40;;R$ 802,40;FACILITIES;FACILITIES;
634;2619;KALUNGA SA;70020;FACILITIES;05/03/2024;Matheus Maia Elias ;Totalmente entregue;R$ 755,91;;R$ 755,91;FACILITIES;FACILITIES;
635;3252;NIBS PARTICIPACOES S.A.;70018;FINANCEIRO;06/03/2024;LILIANE SILVA;Totalmente entregue;R$ 6.145,90;;R$ 6.145,90;FINANCEIRO;FINANCEIRO;
636;3736;SALVATI SANEAMENTO BASICO EIRELI;75000;PROJETO ESTÂNCIA PARQUE ATIBAIA II;13/03/2024;Matheus Maia Elias ;Totalmente entregue;R$ 2.250,00;;R$ 2.250,00;Engenharia 3ºs;CONSTRUÇÃO;
637;3738;JOSE CLAUDEMIR SALMASO;75000;PROJETO ESTÂNCIA PARQUE ATIBAIA II;13/03/2024;Matheus Maia Elias ;Totalmente entregue;R$ 4.200,00;;R$ 4.200,00;Engenharia 3ºs;CONSTRUÇÃO;
638;2289;SIND EMP COMP VENDA LOC ADM IMOV RESID COMERC SAO PAULO;70018;FINANCEIRO;14/03/2024;Matheus Maia Elias ;Parcialmente entregue;R$ 10.938,00;R$ 1.823,36;R$ 9.114,64;FINANCEIRO;FINANCEIRO;
639;3751;REEME REPUXACAO E METALURGICA LTDA;75000;PROJETO ESTÂNCIA PARQUE ATIBAIA II;14/03/2024;Matheus Maia Elias ;Totalmente entregue;R$ 12.444,75;;R$ 12.444,75;Engenharia 3ºs;CONSTRUÇÃO;
640;3712;MARCIO SCOQUI - ARTE PAISAGISMO;70100;ESPAÇO ARQOS;19/03/2024;Matheus Maia Elias ;Totalmente entregue;R$ 3.106,00;;R$ 3.106,00;MARKETING;ESPAÇO ARQOS;
641;3415;BRS SP SUPRIMENTOS CORPORATIVOS LTDA;70100;ESPAÇO ARQOS;19/03/2024;Matheus Maia Elias ;Totalmente entregue;R$ 423,88;;R$ 423,88;FACILITIES;ESPAÇO ARQOS;
642;3752;ASSA ABLOY BRASIL INDUSTRIA E COMERCIO LTDA;70020;FACILITIES;27/03/2024;Matheus Maia Elias ;Totalmente entregue;R$ 577,56;;R$ 577,56;FACILITIES;FACILITIES;
643;2289;SIND EMP COMP VENDA LOC ADM IMOV RESID COMERC SAO PAULO;70021;Gente e Gestão;28/03/2024;Matheus Maia Elias ;Parcialmente entregue;R$ 10.938,00;R$ 3.646,73;R$ 7.291,27;GENTE E GESTÃO;Gente e Gestão;
644;284;ATACADAO DIST. COM. E IND. LTDA;51010;PROJETO - VISTA ALTA;01/04/2024;Matheus Maia Elias ;Totalmente entregue;R$ 4.418,70;;R$ 4.418,70;ENGENHARIA;DESPESAS INCORPORAÇÃO -  VISTA ALTA;
645;2949;SUPRICORP SUPRIMENTOS LTDA;70020;FACILITIES;03/04/2024;Matheus Maia Elias ;Totalmente entregue;R$ 388,35;;R$ 388,35;FACILITIES;FACILITIES;
646;3319;ELIZABETE MONTEIRO ALVES;70020;FACILITIES;03/04/2024;Matheus Maia Elias ;Totalmente entregue;R$ 688,29;;R$ 688,29;FACILITIES;FACILITIES;
647;3319;ELIZABETE MONTEIRO ALVES;51010;PROJETO - VISTA ALTA;08/04/2024;Matheus Maia Elias ;Totalmente entregue;R$ 1.374,46;;R$ 1.374,46;MARKETING;MARKETING;
648;2900;MEMORO PRESENTES LTDA;70021;Gente e Gestão;08/04/2024;Matheus Maia Elias ;Totalmente entregue;R$ 367,85;;R$ 367,85;GENTE E GESTÃO;Gente e Gestão;
649;3311;ELIZABETE MONTEIRO ALVES;70100;ESPAÇO ARQOS;11/04/2024;Matheus Maia Elias ;Totalmente entregue;R$ 1.445,39;;R$ 1.445,39;FACILITIES;ESPAÇO ARQOS;
650;3760;FERRUM COMERCIO E SERVICOS LTDA;75000;PROJETO ESTÂNCIA PARQUE ATIBAIA II;15/04/2024;Matheus Maia Elias ;Totalmente entregue;R$ 2.610,00;;R$ 2.610,00;Engenharia 3ºs;CONSTRUÇÃO;
651;2619;KALUNGA SA;70020;FACILITIES;29/04/2024;Matheus Maia Elias ;Totalmente entregue;R$ 1.099,90;;R$ 1.099,90;FACILITIES;FACILITIES;
652;3415;BRS SP SUPRIMENTOS CORPORATIVOS LTDA;70020;FACILITIES;30/04/2024;Matheus Maia Elias ;Parcialmente entregue;R$ 380,50;R$ 15,37;R$ 365,13;FACILITIES;FACILITIES;
653;3319;ELIZABETE MONTEIRO ALVES;70020;FACILITIES;30/04/2024;Matheus Maia Elias ;Totalmente entregue;R$ 596,05;;R$ 596,05;FACILITIES;FACILITIES;
654;2979;VCH - IMPORTADORA, EXPORTADORA E DISTRIBUICAO DE PRODUTOS LTDA;70020;FACILITIES;30/04/2024;Matheus Maia Elias ;Totalmente entregue;R$ 1.664,88;;R$ 1.664,88;FACILITIES;FACILITIES;
655;3319;ELIZABETE MONTEIRO ALVES;70100;ESPAÇO ARQOS;30/04/2024;Matheus Maia Elias ;Totalmente entregue;R$ 1.082,85;;R$ 1.082,85;FACILITIES;ESPAÇO ARQOS;
656;3815;VILLE COMERCIO DE COSMETICOS - EIRELI;70021;Gente e Gestão;02/05/2024;Matheus Maia Elias ;Totalmente entregue;R$ 1.410,05;;R$ 1.410,05;GENTE E GESTÃO;Gente e Gestão;
657;1922;PRIME REVESTIMENTOS ESPECIAIS LTDA;70100;ESPAÇO ARQOS;07/05/2024;Matheus Maia Elias ;Totalmente entregue;R$ 48.775,25;;R$ 48.775,25;ENGENHARIA;ESPAÇO ARQOS;
658;3817;TRESUNO SERVICOS E COMERCIO DE MATERIAIS CIMENTICIOS EIRELI;70100;ESPAÇO ARQOS;08/05/2024;Matheus Maia Elias ;Totalmente entregue;R$ 164.720,75;;R$ 164.720,75;ENGENHARIA;ESPAÇO ARQOS;
660;3820;INTERFLOOR PISOS LTDA;70100;ESPAÇO ARQOS;10/05/2024;Matheus Maia Elias ;Totalmente entregue;R$ 21.321,63;;R$ 21.321,63;ENGENHARIA;ESPAÇO ARQOS;
661;562;IVETY M FONSECA AURELIO CARTUCHOS ME;70020;FACILITIES;10/05/2024;Matheus Maia Elias ;Totalmente entregue;R$ 800,00;;R$ 800,00;FACILITIES;FACILITIES;
662;3712;MARCIO SCOQUI - ARTE PAISAGISMO;70100;ESPAÇO ARQOS;13/05/2024;Matheus Maia Elias ;Totalmente entregue;R$ 925,00;;R$ 925,00;FACILITIES;ESPAÇO ARQOS;
663;3823;SM INDUSTRIA E COMERCIO DE FORROS, BRISES E REVESTIMENTOS METALICOS EIRELI;70100;ESPAÇO ARQOS;13/05/2024;Matheus Maia Elias ;Totalmente entregue;R$ 30.805,40;;R$ 30.805,40;ENGENHARIA;ESPAÇO ARQOS;
664;3824;SIQUE LESTE LTDA;70100;ESPAÇO ARQOS;13/05/2024;Matheus Maia Elias ;Totalmente entregue;R$ 30.099,80;;R$ 30.099,80;ENGENHARIA;ESPAÇO ARQOS;
665;2234;PROMOLUZ ILUMINACAO MODERNA EIRELI;70100;ESPAÇO ARQOS;14/05/2024;Matheus Maia Elias ;Cancelado;R$ 6.500,00;;R$ 5.920,85;ENGENHARIA;ESPAÇO ARQOS;
667;3797;FERRONOR COMERCIO DE FERRO E ACO LTDA;70100;ESPAÇO ARQOS;14/05/2024;Matheus Maia Elias ;Cancelado;R$ 35.241,26;;R$ 33.517,96;ENGENHARIA;ESPAÇO ARQOS;
668;3338;DECORWATTS ELETRICA E ILUMINACAO LTDA;52010;PROJETO GLK ALPHAVILLE;16/05/2024;Matheus Maia Elias ;Cancelado;R$ 1.017,90;;;MARKETING;INCORPORAÇÃO;
669;3338;DECORWATTS ELETRICA E ILUMINACAO LTDA;71000;PROJETO POLO L1 ;16/05/2024;Matheus Maia Elias ;Cancelado;R$ 480,60;;;MARKETING;INCORPORAÇÃO;
671;2949;SUPRICORP SUPRIMENTOS LTDA;70020;FACILITIES;20/05/2024;Matheus Maia Elias ;Parcialmente entregue;R$ 989,73;R$ 215,86;R$ 773,87;FACILITIES;FACILITIES;
672;3799;FABRICA DE CALHAS NOVAIS LTDA;70100;ESPAÇO ARQOS;22/05/2024;Matheus Maia Elias ;Cancelado;R$ 20.137,87;;R$ 14.005,89;ENGENHARIA;ESPAÇO ARQOS;
673;3841;GLOBAL ESPUMAS INDUSTRIAIS EIRELI;70100;ESPAÇO ARQOS;22/05/2024;Matheus Maia Elias ;Totalmente entregue;R$ 1.348,50;;R$ 1.348,50;ENGENHARIA;ESPAÇO ARQOS;
674;3838;GUAIRA COMERCIO DE EQUIPAMENTOS DE SEGURANCA E VESTUARIOS  EIRELI;51010;PROJETO - VISTA ALTA;22/05/2024;Matheus Maia Elias ;Totalmente entregue;R$ 929,55;;R$ 929,55;GENTE E GESTÃO;EXECUÇÃO DE OBRA - BN;
675;3850;ALUMI WOOD REVESTIMENTOS DE ALUMINIO;70100;ESPAÇO ARQOS;24/05/2024;Matheus Maia Elias ;Totalmente entregue;R$ 58.790,00;;R$ 58.790,00;ENGENHARIA;ESPAÇO ARQOS;
676;3709;ONIX DISTRIBUIDORA DE PRODUTOS ELETRICOS LTDA;75000;PROJETO ESTÂNCIA PARQUE ATIBAIA II;28/05/2024;Matheus Maia Elias ;Cancelado;R$ 9.433,50;;R$ 8.772,21;Engenharia 3ºs;CONSTRUÇÃO;
677;3706;ROMAGNOLE PRODUTOS ELETRICOS S.A.;75000;PROJETO ESTÂNCIA PARQUE ATIBAIA II;28/05/2024;Matheus Maia Elias ;Cancelado;R$ 1.794,71;;R$ 1.641,08;Engenharia 3ºs;CONSTRUÇÃO;
678;3407;CLAUDINEIA RIBEIRO DA SILVA;75000;PROJETO ESTÂNCIA PARQUE ATIBAIA II;29/05/2024;Matheus Maia Elias ;Cancelado;R$ 6.200,00;;R$ 6.149,97;Engenharia 3ºs;CONSTRUÇÃO;
679;3837;OLIANI COMERCIO DE AREIA E PEDRA LTDA;75000;PROJETO ESTÂNCIA PARQUE ATIBAIA II;29/05/2024;Matheus Maia Elias ;Cancelado;R$ 6.612,00;;;Engenharia 3ºs;CONSTRUÇÃO;
680;3836;AMONRRAH DE OLIVEIRA CATANHO MORAES;75000;PROJETO ESTÂNCIA PARQUE ATIBAIA II;29/05/2024;Matheus Maia Elias ;Totalmente entregue;R$ 5.421,86;;R$ 5.421,86;Engenharia 3ºs;CONSTRUÇÃO;
681;251;ARCOVAN SOLUCOES EM CONCRETO LTDA;75000;PROJETO ESTÂNCIA PARQUE ATIBAIA II;29/05/2024;Matheus Maia Elias ;Totalmente entregue;R$ 22.950,00;;R$ 22.950,00;Engenharia 3ºs;CONSTRUÇÃO;
682;3834;VE CARDOSO CONSTRUCOES LTDA;75000;PROJETO ESTÂNCIA PARQUE ATIBAIA II;29/05/2024;Matheus Maia Elias ;Cancelado;R$ 22.000,00;;;Engenharia 3ºs;CONSTRUÇÃO;
683;3792;DRY CONSTRUCTION SOLUCOES PARA CONSTRUCAO A SECO LTDA;70100;ESPAÇO ARQOS;29/05/2024;Matheus Maia Elias ;Cancelado;R$ 14.576,50;;R$ 10.149,62;ENGENHARIA;ESPAÇO ARQOS;
684;3788;ADRIANA FERNANDES COMERCIO DE MATERIAIS ELETRICOS LTDA;70100;ESPAÇO ARQOS;29/05/2024;Matheus Maia Elias ;Cancelado;R$ 33.734,58;;R$ 12.117,46;ENGENHARIA;ESPAÇO ARQOS;
685;3790;ANDAIMES GAZA LTDA;70100;ESPAÇO ARQOS;29/05/2024;Matheus Maia Elias ;Cancelado;R$ 961,75;;;ENGENHARIA;ESPAÇO ARQOS;
686;3432;ATLANTA MATERIAIS PARA CONSTRUCAO LTDA;70100;ESPAÇO ARQOS;29/05/2024;Matheus Maia Elias ;Totalmente entregue;R$ 21.692,22;;R$ 21.692,22;ENGENHARIA;ESPAÇO ARQOS;
687;1808;VEC VAREJO ESPECIALIZADO EM CONSTRUTORA EIRELI;70100;ESPAÇO ARQOS;29/05/2024;Matheus Maia Elias ;Cancelado;R$ 27.438,04;;;ENGENHARIA;ESPAÇO ARQOS;
688;3795;DSC ESTRUTURAS METALICAS E OBRAS DE ACABAMENTO LTDA;70100;ESPAÇO ARQOS;29/05/2024;Matheus Maia Elias ;Cancelado;R$ 52.861,89;;;ENGENHARIA;ESPAÇO ARQOS;
689;3800;FOGOES SHOP LTDA;70100;ESPAÇO ARQOS;29/05/2024;Matheus Maia Elias ;Cancelado;R$ 2.414,60;;;ENGENHARIA;ESPAÇO ARQOS;
690;3801;OBRA FACIL COMERCIO DE MATERIAIS PARA CONSTRUCAO LTDA;70100;ESPAÇO ARQOS;29/05/2024;Matheus Maia Elias ;Cancelado;R$ 2.414,60;;;ENGENHARIA;ESPAÇO ARQOS;
691;3802;MADE NOVA MADEIRAS LTDA;70100;ESPAÇO ARQOS;29/05/2024;Matheus Maia Elias ;Cancelado;R$ 1.941,00;;;ENGENHARIA;ESPAÇO ARQOS;
692;1443;LEO MADEIRAS, MAQS E FERRAGENS LTDA;70100;ESPAÇO ARQOS;29/05/2024;Matheus Maia Elias ;Cancelado;R$ 1.941,00;;;ENGENHARIA;ESPAÇO ARQOS;
693;3806;LW COMERCIO DE TINTAS E ACESSORIOS - EIRELI;70100;ESPAÇO ARQOS;29/05/2024;Matheus Maia Elias ;Cancelado;R$ 17.374,11;;R$ 15.899,05;ENGENHARIA;ESPAÇO ARQOS;
694;3807;MICHELLE CANTACINI GONCALVES 29222436806;70100;ESPAÇO ARQOS;29/05/2024;Matheus Maia Elias ;Cancelado;R$ 17.374,11;;R$ 12.099,33;ENGENHARIA;ESPAÇO ARQOS;
695;3809;VIRTUAL GLASS COMERCIO DE VIDROS  LTDA;70100;ESPAÇO ARQOS;29/05/2024;Matheus Maia Elias ;Totalmente entregue;R$ 25.000,00;;R$ 25.000,00;ENGENHARIA;ESPAÇO ARQOS;
697;3495;KANAFLEX INDUSTRIA E COMERCIO DE PLASTICOS LTDA;75000;PROJETO ESTÂNCIA PARQUE ATIBAIA II;03/06/2024;LILIANE SILVA;Totalmente entregue;R$ 4.840,00;;R$ 4.840,00;Engenharia 3ºs;CONSTRUÇÃO;
698;2804;UNIAR COMERCIO DE ELETRO-ELETRONICOS E SERVICOS LTDA.;70100;ESPAÇO ARQOS;04/06/2024;Matheus Maia Elias ;Totalmente entregue;R$ 5.248,34;;R$ 5.248,34;ENGENHARIA;ESPAÇO ARQOS;
699;3311;ELIZABETE MONTEIRO ALVES;70100;ESPAÇO ARQOS;05/06/2024;LILIANE SILVA;Cancelado;R$ 1.970,91;;R$ 1.930,90;MARKETING;ESPAÇO ARQOS;
700;3311;ELIZABETE MONTEIRO ALVES;70020;FACILITIES;05/06/2024;LILIANE SILVA;Parcialmente entregue;R$ 799,75;R$ 39,91;R$ 759,84;FACILITIES;FACILITIES;
701;3338;DECORWATTS ELETRICA E ILUMINACAO LTDA;50090;DISTRITQ;03/06/2024;Matheus Maia Elias ;Totalmente entregue;R$ 1.498,47;;R$ 1.498,47;MARKETING;DISTRITQ;
702;2979;VCH - IMPORTADORA, EXPORTADORA E DISTRIBUICAO DE PRODUTOS LTDA;70020;FACILITIES;07/06/2024;Matheus Maia Elias ;Totalmente entregue;R$ 706,00;;R$ 706,00;FACILITIES;FACILITIES;
703;3861;BM UNIFORMES LTDA;51010;PROJETO - VISTA ALTA;12/06/2024;Matheus Maia Elias ;Totalmente entregue;R$ 5.368,00;;R$ 5.368,00;GENTE E GESTÃO;DESPESAS INCORPORAÇÃO -  VISTA ALTA;
704;3873;ARTHUR MARQUES ESCALERA;70021;Gente e Gestão;18/06/2024;Matheus Maia Elias ;Totalmente entregue;R$ 361,00;;R$ 361,00;GENTE E GESTÃO;Gente e Gestão;
705;2979;VCH - IMPORTADORA, EXPORTADORA E DISTRIBUICAO DE PRODUTOS LTDA;70020;FACILITIES;18/06/2024;Matheus Maia Elias ;Parcialmente entregue;R$ 1.664,88;R$ 480,65;R$ 1.184,23;FACILITIES;FACILITIES;
706;3713;OLYRA SERVICOS E COMERCIO LTDA;70020;FACILITIES;19/06/2024;Matheus Maia Elias ;Totalmente entregue;R$ 999,00;;R$ 999,00;FACILITIES;FACILITIES;
707;3879;BELA FERRAGENS DISTRIBUICAO E SERVICOS EIRELI;70100;ESPAÇO ARQOS;20/06/2024;Matheus Maia Elias ;Totalmente entregue;R$ 7.603,96;;R$ 7.603,96;ENGENHARIA;ESPAÇO ARQOS;
708;3369;MAGAZINE LUIZA S/A;70047;PRESIDENCIA;20/06/2024;Matheus Maia Elias ;Pendente;R$ 865,89;R$ 865,89;;PRESIDENCIA;PRESIDENCIA;
709;3369;MAGAZINE LUIZA S/A;70047;PRESIDENCIA;20/06/2024;Matheus Maia Elias ;Totalmente entregue;R$ 692,72;;R$ 692,72;PRESIDENCIA;PRESIDENCIA;
710;3881;CORPORE VENTURE MOBILIARIO CORPORATIVO LTDA;70100;ESPAÇO ARQOS;20/06/2024;LILIANE SILVA;Totalmente entregue;R$ 47.473,00;;R$ 47.473,00;PLANEJAMENTO;ESPAÇO ARQOS;
711;2307;TRAMONTINA SUDESTE S.A.;70100;ESPAÇO ARQOS;21/06/2024;Matheus Maia Elias ;Totalmente entregue;R$ 11.115,90;;R$ 11.115,90;PLANEJAMENTO;ESPAÇO ARQOS;
712;3890;FLEXFORM INDUSTRIA E COMERCIO DE MOVEIS LTDA;70100;ESPAÇO ARQOS;24/06/2024;Matheus Maia Elias ;Totalmente entregue;R$ 13.452,05;;R$ 13.452,05;PLANEJAMENTO;ESPAÇO ARQOS;
713;3892;BAHR COMERCIO, IMPORTACAO E EXPORTACAO DE PRODUTOS DE DESIGN LTDA;70100;ESPAÇO ARQOS;24/06/2024;Matheus Maia Elias ;Totalmente entregue;R$ 5.202,50;;R$ 5.202,50;PLANEJAMENTO;ESPAÇO ARQOS;
714;2173;DETILIO MARCENARIA LTDA;70100;ESPAÇO ARQOS;24/06/2024;Matheus Maia Elias ;Totalmente entregue;R$ 27.556,00;;R$ 27.556,00;PLANEJAMENTO;ESPAÇO ARQOS;
715;3893;ATELIE MATERNO COMERCIO DE BRINQUEDOS E MOVEIS EM MADEIRA LTDA;70100;ESPAÇO ARQOS;24/06/2024;Matheus Maia Elias ;Totalmente entregue;R$ 3.992,85;;R$ 3.992,85;PLANEJAMENTO;ESPAÇO ARQOS;
716;3494;FUMINAS INDUSTRIA E COMERCIO DE FUNDIDOS LTDA;70100;ESPAÇO ARQOS;14/06/2024;Matheus Maia Elias ;Totalmente entregue;R$ 37.460,00;;R$ 37.460,00;ENGENHARIA;ESPAÇO ARQOS;
717;3880;TPV COLOR IMPORTADORA E DISTRIBUIDORA LTDA;70100;ESPAÇO ARQOS;01/07/2024;Matheus Maia Elias ;Totalmente entregue;R$ 48.500,00;;R$ 48.500,00;ENGENHARIA;ESPAÇO ARQOS;
719;3904;CONFORT PISOS COMERCIO DE ARTIGOS DE TAPECARIA EIRELI;51010;PROJETO - VISTA ALTA;02/07/2024;Matheus Maia Elias ;Totalmente entregue;R$ 177,98;;R$ 177,98;PLANEJAMENTO;DESPESAS INCORPORAÇÃO -  VISTA ALTA;
720;3906;PBTECH COMERCIO E SERVICOS DE REVESTIMENTOS CERAMICOS LTDA.;51010;PROJETO - VISTA ALTA;03/07/2024;Matheus Maia Elias ;Totalmente entregue;R$ 366,39;;R$ 366,39;PLANEJAMENTO;DESPESAS INCORPORAÇÃO -  VISTA ALTA;
721;3907;CONDEC MATERIAL DE CONSTRUCAO LTDA;51010;PROJETO - VISTA ALTA;03/07/2024;Matheus Maia Elias ;Totalmente entregue;R$ 10.279,50;;R$ 10.279,50;PLANEJAMENTO;DESPESAS INCORPORAÇÃO -  VISTA ALTA;
722;3908;WET BATH COMERCIO DE LOUCAS E METAIS LTDA.;51010;PROJETO - VISTA ALTA;03/07/2024;Matheus Maia Elias ;Totalmente entregue;R$ 7.901,90;;R$ 7.901,90;PLANEJAMENTO;DESPESAS INCORPORAÇÃO -  VISTA ALTA;
723;3850;ALUMI WOOD REVESTIMENTOS DE ALUMINIO;70100;ESPAÇO ARQOS;03/07/2024;Matheus Maia Elias ;Totalmente entregue;R$ 3.700,00;;R$ 3.700,00;ENGENHARIA;ESPAÇO ARQOS;
724;3319;ELIZABETE MONTEIRO ALVES;70020;FACILITIES;05/07/2024;Matheus Maia Elias ;Pendente;R$ 1.232,26;R$ 1.232,26;;FACILITIES;FACILITIES;
725;2949;SUPRICORP SUPRIMENTOS LTDA;70020;FACILITIES;05/07/2024;Matheus Maia Elias ;Totalmente entregue;R$ 599,18;;R$ 599,18;FACILITIES;FACILITIES;
726;2949;SUPRICORP SUPRIMENTOS LTDA;70020;FACILITIES;10/07/2024;Matheus Maia Elias ;Pendente;R$ 773,96;R$ 773,96;;FACILITIES;FACILITIES;
727;3319;ELIZABETE MONTEIRO ALVES;70100;ESPAÇO ARQOS;11/07/2024;Matheus Maia Elias ;Totalmente entregue;R$ 1.868,97;;R$ 1.868,97;MARKETING;ESPAÇO ARQOS;
728;3340;PETROSERV COMERCIO DE DERIVADOS DE PETROLEO LTDA;75000;PROJETO ESTÂNCIA PARQUE ATIBAIA II;11/07/2024;Matheus Maia Elias ;Totalmente entregue;R$ 6.065,00;;R$ 6.065,00;Engenharia 3ºs;CONSTRUÇÃO;
729;3924;CERTFIRE EXTINTORES E SOLUCOES EMPRESARIAIS EIRELI;70100;ESPAÇO ARQOS;12/07/2024;Matheus Maia Elias ;Totalmente entregue;R$ 675,00;;R$ 675,00;ENGENHARIA;ESPAÇO ARQOS;
730;3925;OTERPREM PREMOLDADOS DE CONCRETO LTDA;70100;ESPAÇO ARQOS;16/07/2024;Matheus Maia Elias ;Totalmente entregue;R$ 18.000,00;;R$ 18.000,00;ENGENHARIA;ESPAÇO ARQOS;
731;251;ARCOVAN SOLUCOES EM CONCRETO LTDA;75000;PROJETO ESTÂNCIA PARQUE ATIBAIA II;18/07/2024;Matheus Maia Elias ;Totalmente entregue;R$ 300,00;;R$ 300,00;Engenharia 3ºs;CONSTRUÇÃO;
732;2979;VCH - IMPORTADORA, EXPORTADORA E DISTRIBUICAO DE PRODUTOS LTDA;70020;FACILITIES;16/07/2024;Matheus Maia Elias ;Totalmente entregue;R$ 1.600,80;;R$ 1.600,80;FACILITIES;FACILITIES;
733;2234;PROMOLUZ ILUMINACAO MODERNA EIRELI;70100;ESPAÇO ARQOS;22/07/2024;Matheus Maia Elias ;Totalmente entregue;R$ 6.534,00;;R$ 6.534,00;ENGENHARIA;ESPAÇO ARQOS;
734;2949;SUPRICORP SUPRIMENTOS LTDA;70020;FACILITIES;22/07/2024;Matheus Maia Elias ;Parcialmente entregue;R$ 16.253,16;R$ 1.332,22;R$ 9.503,22;FACILITIES;FACILITIES;
735;2979;VCH - IMPORTADORA, EXPORTADORA E DISTRIBUICAO DE PRODUTOS LTDA;70020;FACILITIES;22/07/2024;Matheus Maia Elias ;Parcialmente entregue;R$ 11.150,16;R$ 8.565,55;R$ 2.584,61;FACILITIES;FACILITIES;
736;3873;ARTHUR MARQUES ESCALERA;70021;Gente e Gestão;24/07/2024;Matheus Maia Elias ;Totalmente entregue;R$ 2.320,40;;R$ 2.320,40;GENTE E GESTÃO;Gente e Gestão;
737;2950;SANTIL COMERCIAL ELETRICA LTDA;70100;ESPAÇO ARQOS;25/07/2024;Matheus Maia Elias ;Totalmente entregue;R$ 999,30;;R$ 999,30;ENGENHARIA;ESPAÇO ARQOS;
738;3934;SAINT-GOBAIN DISTRIBUICAO BRASIL LTDA;51010;PROJETO - VISTA ALTA;25/07/2024;LILIANE SILVA;Totalmente entregue;R$ 3.334,32;;R$ 3.334,32;PLANEJAMENTO;DESPESAS INCORPORAÇÃO -  VISTA ALTA;
739;3405;TVG COMERCIO E SERVICOS DE TUBOS E CONEXOES DE PEAD EIRELI;75000;PROJETO ESTÂNCIA PARQUE ATIBAIA II;26/07/2024;Matheus Maia Elias ;Totalmente entregue;R$ 179.111,77;;R$ 179.111,77;Engenharia 3ºs;CONSTRUÇÃO;
740;3340;PETROSERV COMERCIO DE DERIVADOS DE PETROLEO LTDA;75000;PROJETO ESTÂNCIA PARQUE ATIBAIA II;26/07/2024;Matheus Maia Elias ;Totalmente entregue;R$ 6.135,00;;R$ 6.135,00;Engenharia 3ºs;CONSTRUÇÃO;
741;3405;TVG COMERCIO E SERVICOS DE TUBOS E CONEXOES DE PEAD EIRELI;75000;PROJETO ESTÂNCIA PARQUE ATIBAIA II;26/07/2024;Matheus Maia Elias ;Totalmente entregue;R$ 1.510,39;;R$ 1.510,39;Engenharia 3ºs;CONSTRUÇÃO;
742;3943;STALL-UP TENDAS E BARRACAS EIRELI;70100;ESPAÇO ARQOS;29/07/2024;Matheus Maia Elias ;Totalmente entregue;R$ 2.960,00;;R$ 2.960,00;MARKETING;ESPAÇO ARQOS;
743;3760;FERRUM COMERCIO E SERVICOS LTDA;75000;PROJETO ESTÂNCIA PARQUE ATIBAIA II;31/07/2024;Matheus Maia Elias ;Cancelado;R$ 3.950,00;;;Engenharia 3ºs;CONSTRUÇÃO;
744;3738;JOSE CLAUDEMIR SALMASO;75000;PROJETO ESTÂNCIA PARQUE ATIBAIA II;31/07/2024;Matheus Maia Elias ;Totalmente entregue;R$ 4.547,59;;R$ 4.547,59;Engenharia 3ºs;CONSTRUÇÃO;
745;3760;FERRUM COMERCIO E SERVICOS LTDA;75000;PROJETO ESTÂNCIA PARQUE ATIBAIA II;31/07/2024;Matheus Maia Elias ;Cancelado;R$ 5.750,00;;;Engenharia 3ºs;CONSTRUÇÃO;
746;3935;SANIX EQUIPAMENTOS PARA SANEAMENTO LTDA;75000;PROJETO ESTÂNCIA PARQUE ATIBAIA II;31/07/2024;Matheus Maia Elias ;Totalmente entregue;R$ 42.212,82;;R$ 42.212,82;Engenharia 3ºs;CONSTRUÇÃO;
747;3855;CEMARE DRENAGEM E PRE MOLDADOS LTDA;75000;PROJETO ESTÂNCIA PARQUE ATIBAIA II;31/07/2024;Matheus Maia Elias ;Cancelado;R$ 32.530,81;;R$ 22.700,00;Engenharia 3ºs;CONSTRUÇÃO;
748;3937;RODRIGUES FERRO E ACO LTDA;75000;PROJETO ESTÂNCIA PARQUE ATIBAIA II;31/07/2024;Matheus Maia Elias ;Totalmente entregue;R$ 390,55;;R$ 390,55;Engenharia 3ºs;CONSTRUÇÃO;
751;3369;MAGAZINE LUIZA S/A;51010;PROJETO - VISTA ALTA;02/08/2024;Matheus Maia Elias ;Totalmente entregue;R$ 1.859,07;;R$ 1.859,07;ENGENHARIA;DESPESAS INCORPORAÇÃO -  VISTA ALTA;
752;1764;MOTOVILLE TRANSPORTES E SERV. LTDA ME;70019;MARKETING;06/08/2024;Matheus Maia Elias ;Pendente;R$ 91,72;R$ 91,72;;MARKETING;MARKETING;
753;3961;MDK UNIFORMES LTDA;70019;MARKETING;06/08/2024;Matheus Maia Elias ;Totalmente entregue;R$ 4.876,00;;R$ 4.876,00;MARKETING;MARKETING;
755;3850;ALUMI WOOD REVESTIMENTOS DE ALUMINIO;74000;PROJETO BLVD ALTI;08/08/2024;Matheus Maia Elias ;Totalmente entregue;R$ 4.734,90;;R$ 4.734,90;ENGENHARIA;INCORPORAÇÃO - BLVD ALTI;
756;3817;TRESUNO SERVICOS E COMERCIO DE MATERIAIS CIMENTICIOS EIRELI;74000;PROJETO BLVD ALTI;08/08/2024;Matheus Maia Elias ;Totalmente entregue;R$ 68.579,51;;R$ 68.579,50;ENGENHARIA;INCORPORAÇÃO - BLVD ALTI;
757;2615;KALUNGA SA;70100;ESPAÇO ARQOS;08/08/2024;Matheus Maia Elias ;Totalmente entregue;R$ 599,00;;R$ 599,00;PLANEJAMENTO;ESPAÇO ARQOS;
758;3971;IMPAKTO SISTEMAS DE LIMPEZA E DESCARTAVEIS LTDA;70020;FACILITIES;09/08/2024;Matheus Maia Elias ;Totalmente entregue;R$ 711,32;;R$ 711,32;FACILITIES;FACILITIES;
759;3971;IMPAKTO SISTEMAS DE LIMPEZA E DESCARTAVEIS LTDA;70020;FACILITIES;09/08/2024;Matheus Maia Elias ;Parcialmente entregue;R$ 18.125,02;R$ 14.048,70;R$ 4.076,32;FACILITIES;FACILITIES;
760;3319;ELIZABETE MONTEIRO ALVES;70100;ESPAÇO ARQOS;15/08/2024;Matheus Maia Elias ;Totalmente entregue;R$ 2.426,63;;R$ 2.426,63;MARKETING;ESPAÇO ARQOS;
761;3962;PERT SERVICOS EM OBRAS EIRELI;75000;PROJETO ESTÂNCIA PARQUE ATIBAIA II;16/08/2024;Matheus Maia Elias ;Totalmente entregue;R$ 77.527,00;;R$ 77.527,00;Engenharia 3ºs;CONSTRUÇÃO;
762;3407;CLAUDINEIA RIBEIRO DA SILVA;75000;PROJETO ESTÂNCIA PARQUE ATIBAIA II;16/08/2024;Matheus Maia Elias ;Totalmente entregue;R$ 1.550,00;;R$ 1.550,00;Engenharia 3ºs;CONSTRUÇÃO;
763;3965;MANETONI DISTRIBUIDORA DE PRODUTOS SIDERURGICOS IMPORTACAO E EXPORTACAO LTDA;75000;PROJETO ESTÂNCIA PARQUE ATIBAIA II;16/08/2024;Matheus Maia Elias ;Cancelado;R$ 22.762,50;;R$ 21.403,58;Engenharia 3ºs;CONSTRUÇÃO;
764;3964;KSB BRASIL LTDA.;75000;PROJETO ESTÂNCIA PARQUE ATIBAIA II;16/08/2024;Matheus Maia Elias ;Totalmente entregue;R$ 30.000,00;;R$ 30.000,00;Engenharia 3ºs;CONSTRUÇÃO;
765;3937;RODRIGUES FERRO E ACO LTDA;75000;PROJETO ESTÂNCIA PARQUE ATIBAIA II;16/08/2024;Matheus Maia Elias ;Cancelado;R$ 1.061,79;;R$ 1.061,68;Engenharia 3ºs;CONSTRUÇÃO;
766;3978;SOTELA INDUSTRIA E COMERCIO DE TELAS LTDA.;75000;PROJETO ESTÂNCIA PARQUE ATIBAIA II;20/08/2024;Matheus Maia Elias ;Totalmente entregue;R$ 12.000,00;;R$ 12.000,00;Engenharia 3ºs;CONSTRUÇÃO;
767;3979;RV - PULTRUTECH FERRAMENTARIA, COMERCIO E INDUSTRIA LTDA;75000;PROJETO ESTÂNCIA PARQUE ATIBAIA II;20/08/2024;Matheus Maia Elias ;Totalmente entregue;R$ 5.639,09;;R$ 5.639,09;Engenharia 3ºs;CONSTRUÇÃO;
768;3984;RITA S COMERCIO DE CERAMICA LTDA;70100;ESPAÇO ARQOS;22/08/2024;Matheus Maia Elias ;Totalmente entregue;R$ 4.114,00;;R$ 4.114,00;MARKETING;ESPAÇO ARQOS;
769;3240;MARIN SIMOES COMERCIO E SERVICOS LTDA;75000;PROJETO ESTÂNCIA PARQUE ATIBAIA II;20/08/2024;Matheus Maia Elias ;Totalmente entregue;R$ 1.659,97;;R$ 1.659,97;Engenharia 3ºs;CONSTRUÇÃO;
770;3937;RODRIGUES FERRO E ACO LTDA;75000;PROJETO ESTÂNCIA PARQUE ATIBAIA II;28/08/2024;Matheus Maia Elias ;Cancelado;R$ 7.405,50;;R$ 6.599,04;Engenharia 3ºs;CONSTRUÇÃO;
771;3738;JOSE CLAUDEMIR SALMASO;75000;PROJETO ESTÂNCIA PARQUE ATIBAIA II;28/08/2024;Matheus Maia Elias ;Totalmente entregue;R$ 752,70;;R$ 752,70;Engenharia 3ºs;CONSTRUÇÃO;
772;3319;ELIZABETE MONTEIRO ALVES;70100;ESPAÇO ARQOS;05/09/2024;Matheus Maia Elias ;Totalmente entregue;R$ 1.130,95;;R$ 1.130,95;MARKETING;ESPAÇO ARQOS;
773;3935;SANIX EQUIPAMENTOS PARA SANEAMENTO LTDA;75000;PROJETO ESTÂNCIA PARQUE ATIBAIA II;06/09/2024;Matheus Maia Elias ;Totalmente entregue;R$ 44.200,00;;R$ 44.200,00;Engenharia 3ºs;CONSTRUÇÃO;
774;3405;TVG COMERCIO E SERVICOS DE TUBOS E CONEXOES DE PEAD EIRELI;75000;PROJETO ESTÂNCIA PARQUE ATIBAIA II;06/09/2024;Matheus Maia Elias ;Cancelado;R$ 831,67;;R$ 680,56;Engenharia 3ºs;CONSTRUÇÃO;
775;3407;CLAUDINEIA RIBEIRO DA SILVA;75000;PROJETO ESTÂNCIA PARQUE ATIBAIA II;06/09/2024;Matheus Maia Elias ;Cancelado;R$ 12.000,00;;R$ 9.862,80;Engenharia 3ºs;CONSTRUÇÃO;
776;3837;OLIANI COMERCIO DE AREIA E PEDRA LTDA;75000;PROJETO ESTÂNCIA PARQUE ATIBAIA II;06/09/2024;Matheus Maia Elias ;Cancelado;R$ 6.816,00;;R$ 5.112,00;Engenharia 3ºs;CONSTRUÇÃO;
778;4004;BOOBAM DESIGN E ARTE S.A;74000;PROJETO BLVD ALTI;09/09/2024;Matheus Maia Elias ;Cancelado;R$ 49.292,79;;R$ 39.335,65;PRODUTO;INCORPORAÇÃO - BLVD ALTI;
779;4005;PROJETOS E PRODUTOS COMERCIO DE MOVEIS LTDA;74000;PROJETO BLVD ALTI;09/09/2024;Matheus Maia Elias ;Totalmente entregue;R$ 4.854,00;;R$ 4.854,00;PRODUTO;INCORPORAÇÃO - BLVD ALTI;
780;4006;CREMME MOVEIS E DECORACOES LTDA;74000;PROJETO BLVD ALTI;09/09/2024;Matheus Maia Elias ;Cancelado;R$ 8.478,00;;;PRODUTO;INCORPORAÇÃO - BLVD ALTI;
781;4007;KZ ALPHA LTDA;74000;PROJETO BLVD ALTI;09/09/2024;Matheus Maia Elias ;Totalmente entregue;R$ 22.882,00;;R$ 22.882,00;PRODUTO;INCORPORAÇÃO - BLVD ALTI;
782;3881;CORPORE VENTURE MOBILIARIO CORPORATIVO LTDA;74000;PROJETO BLVD ALTI;09/09/2024;Matheus Maia Elias ;Totalmente entregue;R$ 41.012,00;;R$ 41.012,00;PRODUTO;INCORPORAÇÃO - BLVD ALTI;
783;4022;LAUBERGE MOVEIS E DECORACOES LTDA.;74000;PROJETO BLVD ALTI;09/09/2024;Matheus Maia Elias ;Totalmente entregue;R$ 12.500,00;;R$ 12.500,00;PRODUTO;INCORPORAÇÃO - BLVD ALTI;
784;4018;55 BRAZIL COMERCIO E DESIGN DE MOVEIS LTDA;74000;PROJETO BLVD ALTI;09/09/2024;Matheus Maia Elias ;Totalmente entregue;R$ 6.671,74;;R$ 6.671,74;PRODUTO;INCORPORAÇÃO - BLVD ALTI;
785;2307;TRAMONTINA SUDESTE S.A.;74000;PROJETO BLVD ALTI;09/09/2024;Matheus Maia Elias ;Totalmente entregue;R$ 24.880,58;;R$ 24.880,58;PRODUTO;INCORPORAÇÃO - BLVD ALTI;
786;4026;METAL STYLLO ARTEFATOS DE METAL LTDA;74000;PROJETO BLVD ALTI;09/09/2024;Matheus Maia Elias ;Totalmente entregue;R$ 20.502,77;;R$ 20.502,77;PRODUTO;INCORPORAÇÃO - BLVD ALTI;
788;4009;CONAUT CONTROLES AUTOMATICOS LTDA;75000;PROJETO ESTÂNCIA PARQUE ATIBAIA II;11/09/2024;Matheus Maia Elias ;Totalmente entregue;R$ 47.590,00;;R$ 47.590,00;Engenharia 3ºs;CONSTRUÇÃO;
789;4011;VEGA BRASIL INDUSTRIA E COMERCIO LTDA.;75000;PROJETO ESTÂNCIA PARQUE ATIBAIA II;11/09/2024;Matheus Maia Elias ;Totalmente entregue;R$ 9.700,08;;R$ 9.700,08;Engenharia 3ºs;CONSTRUÇÃO;
790;4007;KZ ALPHA LTDA;74000;PROJETO BLVD ALTI;18/09/2024;Matheus Maia Elias ;Totalmente entregue;R$ 23.168,00;;R$ 23.168,00;PRODUTO;INCORPORAÇÃO - BLVD ALTI;
791;2680;BOUTIQUE DAS TRAMAS TAPETE, CARPETE E DECORACAO LTDA;74000;PROJETO BLVD ALTI;18/09/2024;Matheus Maia Elias ;Totalmente entregue;R$ 28.107,00;;R$ 28.107,00;PRODUTO;INCORPORAÇÃO - BLVD ALTI;
792;4032;MAROMBA MOVEIS LTDA;74000;PROJETO BLVD ALTI;19/09/2024;Matheus Maia Elias ;Totalmente entregue;R$ 7.208,75;;R$ 7.208,75;PRODUTO;INCORPORAÇÃO - BLVD ALTI;
793;4033;EB COMERCIO IMPORTACAO E EXPORTACAO DE MOVEIS EIRELI;74000;PROJETO BLVD ALTI;17/09/2024;Matheus Maia Elias ;Cancelado;R$ 8.907,41;;;PRODUTO;INCORPORAÇÃO - BLVD ALTI;
794;3406;X MADEIRAS COMERCIO DE MATERIAIS PARA CONSTRUCAO LTDA;75000;PROJETO ESTÂNCIA PARQUE ATIBAIA II;20/09/2024;Matheus Maia Elias ;Totalmente entregue;R$ 1.832,04;;R$ 1.832,04;Engenharia 3ºs;CONSTRUÇÃO;
795;3588;COPLAS INDUSTRIA DE PLASTICOS LTDA;75000;PROJETO ESTÂNCIA PARQUE ATIBAIA II;20/09/2024;Matheus Maia Elias ;Totalmente entregue;R$ 3.130,81;;R$ 3.130,81;Engenharia 3ºs;CONSTRUÇÃO;
796;4012;DANFANPLAST INSTALACAO E MANUTENCAO LTDA;75000;PROJETO ESTÂNCIA PARQUE ATIBAIA II;20/09/2024;Matheus Maia Elias ;Totalmente entregue;R$ 5.500,00;;R$ 5.500,00;Engenharia 3ºs;CONSTRUÇÃO;
797;2727;RODRIGO CARON GARCIA 32273832842;70100;ESPAÇO ARQOS;20/09/2024;LILIANE SILVA;Totalmente entregue;R$ 15.600,00;;R$ 15.600,00;ENGENHARIA;ESPAÇO ARQOS;
798;3405;TVG COMERCIO E SERVICOS DE TUBOS E CONEXOES DE PEAD EIRELI;75000;PROJETO ESTÂNCIA PARQUE ATIBAIA II;20/09/2024;Matheus Maia Elias ;Totalmente entregue;R$ 62.707,20;;R$ 62.707,20;Engenharia 3ºs;CONSTRUÇÃO;
799;247;ART VILLE MOVEIS LTDA;74000;PROJETO BLVD ALTI;20/09/2024;Matheus Maia Elias ;Totalmente entregue;R$ 14.545,00;;R$ 14.545,00;PRODUTO;INCORPORAÇÃO - BLVD ALTI;
800;2848;LIDER INDUSTRIA E COMERCIO DE ESTOFADOS S/A;74000;PROJETO BLVD ALTI;20/09/2024;Matheus Maia Elias ;Totalmente entregue;R$ 7.156,15;;R$ 7.156,15;PRODUTO;INCORPORAÇÃO - BLVD ALTI;
801;3957;ALUMINC ESQUADRIAS METALICAS INDUSTRIA E COMERCIO LTDA;74000;PROJETO BLVD ALTI;23/09/2024;Matheus Maia Elias ;Totalmente entregue;R$ 53.170,00;;R$ 53.170,00;ENGENHARIA;INCORPORAÇÃO - BLVD ALTI;
802;4034;KANOA INDUSTRIA E COMERCIO LTDA;74000;PROJETO BLVD ALTI;23/09/2024;Matheus Maia Elias ;Totalmente entregue;R$ 11.040,90;;R$ 11.040,90;PRODUTO;INCORPORAÇÃO - BLVD ALTI;
803;4036;JOSE ROBERTO MORETTI LTDA;74000;PROJETO BLVD ALTI;24/09/2024;Matheus Maia Elias ;Cancelado;R$ 8.520,00;;;PRODUTO;INCORPORAÇÃO - BLVD ALTI;
804;4037;DEKORA INDUSTRIA E COMERCIO DE CORTINAS LTDA;74000;PROJETO BLVD ALTI;26/09/2024;Matheus Maia Elias ;Totalmente entregue;R$ 24.472,00;;R$ 24.472,00;PRODUTO;INCORPORAÇÃO - BLVD ALTI;
805;4032;MAROMBA MOVEIS LTDA;74000;PROJETO BLVD ALTI;27/09/2024;Matheus Maia Elias ;Totalmente entregue;R$ 9.321,84;;R$ 9.321,84;PRODUTO;INCORPORAÇÃO - BLVD ALTI;
807;2202;ITENS COMERCIO DE ARTIGOS DE DECORACAO EIRELI;74000;PROJETO BLVD ALTI;27/09/2024;Matheus Maia Elias ;Totalmente entregue;R$ 5.316,00;;R$ 5.316,00;PRODUTO;INCORPORAÇÃO - BLVD ALTI;
808;3961;MDK UNIFORMES LTDA;70019;MARKETING;29/09/2024;LILIANE SILVA;Totalmente entregue;R$ 336,00;;R$ 336,00;MARKETING;MARKETING;
809;3319;ELIZABETE MONTEIRO ALVES;70100;ESPAÇO ARQOS;29/09/2024;LILIANE SILVA;Totalmente entregue;R$ 2.244,65;;R$ 2.244,65;MARKETING;ESPAÇO ARQOS;
810;2493;VEC-VAREJO ESPECIALIZADO EM CONSTRUTORA;70100;ESPAÇO ARQOS;30/09/2024;LILIANE SILVA;Totalmente entregue;R$ 1.022,99;;R$ 1.022,99;ENGENHARIA;ESPAÇO ARQOS;
811;1704;SANTIL COMERCIAL ELETRICA LTDA;70100;ESPAÇO ARQOS;30/09/2024;LILIANE SILVA;Totalmente entregue;R$ 3.989,40;;R$ 3.989,40;ENGENHARIA;ESPAÇO ARQOS;
812;2989;ILLYCAFFE SUD AMERICA COMERCIO, IMPORTACAO E EXPORTACAO LTDA;70020;FACILITIES;30/09/2024;LILIANE SILVA;Totalmente entregue;R$ 1.053,00;;R$ 1.053,00;FACILITIES;FACILITIES;
813;4005;PROJETOS E PRODUTOS COMERCIO DE MOVEIS LTDA;74000;PROJETO BLVD ALTI;30/09/2024;Matheus Maia Elias ;Totalmente entregue;R$ 8.073,00;;R$ 8.073,00;PRODUTO;INCORPORAÇÃO - BLVD ALTI;
814;4038;COMEX GROUP BRASIL HOLDING LTDA;74000;PROJETO BLVD ALTI;30/09/2024;Matheus Maia Elias ;Totalmente entregue;R$ 9.904,20;;R$ 9.904,20;ENGENHARIA;INCORPORAÇÃO - BLVD ALTI;
815;3369;MAGAZINE LUIZA S/A;74000;PROJETO BLVD ALTI;30/09/2024;Matheus Maia Elias ;Totalmente entregue;R$ 18.206,95;;R$ 18.206,95;PRODUTO;INCORPORAÇÃO - BLVD ALTI;
816;3799;FABRICA DE CALHAS NOVAIS LTDA;74000;PROJETO BLVD ALTI;01/10/2024;Matheus Maia Elias ;Totalmente entregue;R$ 23.495,30;;R$ 23.495,30;ENGENHARIA;INCORPORAÇÃO - BLVD ALTI;
817;3797;FERRONOR COMERCIO DE FERRO E ACO LTDA;74000;PROJETO BLVD ALTI;01/10/2024;Matheus Maia Elias ;Totalmente entregue;R$ 27.272,45;;R$ 27.272,45;ENGENHARIA;INCORPORAÇÃO - BLVD ALTI;
818;3791;COMERCIAL DE GESSO E DRYWALL J LTDA;74000;PROJETO BLVD ALTI;01/10/2024;Matheus Maia Elias ;Totalmente entregue;R$ 47.828,66;;R$ 47.828,66;ENGENHARIA;INCORPORAÇÃO - BLVD ALTI;
819;4041;RAQUEL ZEMELLA COMERCIAL;70020;FACILITIES;02/10/2024;Matheus Maia Elias ;Totalmente entregue;R$ 167,40;;R$ 167,40;FACILITIES;FACILITIES;
820;2234;PROMOLUZ ILUMINACAO MODERNA EIRELI;74000;PROJETO BLVD ALTI;02/10/2024;Matheus Maia Elias ;Cancelado;R$ 6.344,96;;R$ 6.262,48;PRODUTO;INCORPORAÇÃO - BLVD ALTI;
821;3369;MAGAZINE LUIZA S/A;74000;PROJETO BLVD ALTI;02/10/2024;Matheus Maia Elias ;Totalmente entregue;R$ 2.184,05;;R$ 2.184,05;PRODUTO;INCORPORAÇÃO - BLVD ALTI;
822;4047;VARANDAS DA VILA MOVEIS PARA AREA EXTERNA E PROJETOS ESPECIAIS EIRELI;74000;PROJETO BLVD ALTI;02/10/2024;Matheus Maia Elias ;Totalmente entregue;R$ 15.000,00;;R$ 15.000,00;PRODUTO;INCORPORAÇÃO - BLVD ALTI;
823;3999;ALB TAMPOES E GRELHAS EIRELI;75000;PROJETO ESTÂNCIA PARQUE ATIBAIA II;03/10/2024;Matheus Maia Elias ;Totalmente entregue;R$ 6.750,00;;R$ 6.750,00;Engenharia 3ºs;CONSTRUÇÃO;
824;3999;ALB TAMPOES E GRELHAS EIRELI;75000;PROJETO ESTÂNCIA PARQUE ATIBAIA II;03/10/2024;Matheus Maia Elias ;Totalmente entregue;R$ 4.094,00;;R$ 4.094,00;Engenharia 3ºs;CONSTRUÇÃO;
825;4013;BERMAD BRASIL INDÚSTRIA DE VÁLVULAS LTDA.;75000;PROJETO ESTÂNCIA PARQUE ATIBAIA II;03/10/2024;Matheus Maia Elias ;Totalmente entregue;R$ 2.856,50;;R$ 2.856,50;Engenharia 3ºs;CONSTRUÇÃO;
826;4045;SF SISTEMA DE FORMAS PARA CONCRETO LTDA;75000;PROJETO ESTÂNCIA PARQUE ATIBAIA II;03/10/2024;Matheus Maia Elias ;Totalmente entregue;R$ 5.324,25;;R$ 5.324,25;Engenharia 3ºs;CONSTRUÇÃO;
827;2681;LOJA ELECTROLUX COMERCIO VIRTUAL DE ELETRODOMESTICOS LTDA.;74000;PROJETO BLVD ALTI;04/10/2024;Matheus Maia Elias ;Totalmente entregue;R$ 1.994,95;;R$ 1.994,95;PRODUTO;INCORPORAÇÃO - BLVD ALTI;
828;4062;LEROY MERLIN COMPANHIA BRASILEIRA DE BRICOLAGEM;74000;PROJETO BLVD ALTI;04/10/2024;Matheus Maia Elias ;Totalmente entregue;R$ 3.589,06;;R$ 3.589,06;PRODUTO;INCORPORAÇÃO - BLVD ALTI;
829;4060;ROCA SANITARIOS BRASIL LTDA;74000;PROJETO BLVD ALTI;04/10/2024;Matheus Maia Elias ;Parcialmente entregue;R$ 12.482,02;R$ 2.609,99;R$ 9.872,03;PRODUTO;INCORPORAÇÃO - BLVD ALTI;
830;4062;LEROY MERLIN COMPANHIA BRASILEIRA DE BRICOLAGEM;74000;PROJETO BLVD ALTI;07/10/2024;Matheus Maia Elias ;Totalmente entregue;R$ 4.363,20;;R$ 4.363,20;PRODUTO;INCORPORAÇÃO - BLVD ALTI;
831;247;ART VILLE MOVEIS LTDA;74000;PROJETO BLVD ALTI;07/10/2024;Matheus Maia Elias ;Totalmente entregue;R$ 14.004,00;;R$ 14.004,00;PRODUTO;INCORPORAÇÃO - BLVD ALTI;
832;2804;UNIAR COMERCIO DE ELETRO-ELETRONICOS E SERVICOS LTDA.;74000;PROJETO BLVD ALTI;08/10/2024;Matheus Maia Elias ;Totalmente entregue;R$ 31.114,80;;R$ 31.114,80;ENGENHARIA;INCORPORAÇÃO - BLVD ALTI;
833;4065;BELA IDEIA COMERCIO E DECORACOES EIRELI;74000;PROJETO BLVD ALTI;07/10/2024;Matheus Maia Elias ;Totalmente entregue;R$ 12.844,00;;R$ 12.844,00;PRODUTO;INCORPORAÇÃO - BLVD ALTI;
834;4062;LEROY MERLIN COMPANHIA BRASILEIRA DE BRICOLAGEM;74000;PROJETO BLVD ALTI;08/10/2024;Matheus Maia Elias ;Totalmente entregue;R$ 3.951,50;;R$ 3.951,50;PRODUTO;INCORPORAÇÃO - BLVD ALTI;
835;1704;SANTIL COMERCIAL ELETRICA LTDA;70100;ESPAÇO ARQOS;09/10/2024;Matheus Maia Elias ;Totalmente entregue;R$ 856,20;;R$ 856,20;ENGENHARIA;ESPAÇO ARQOS;
836;1704;SANTIL COMERCIAL ELETRICA LTDA;70100;ESPAÇO ARQOS;09/10/2024;Matheus Maia Elias ;Totalmente entregue;R$ 1.265,60;;R$ 1.265,60;ENGENHARIA;ESPAÇO ARQOS;
837;1808;VEC VAREJO ESPECIALIZADO EM CONSTRUTORA EIRELI;70100;ESPAÇO ARQOS;09/10/2024;Matheus Maia Elias ;Totalmente entregue;R$ 565,92;;R$ 565,92;ENGENHARIA;ESPAÇO ARQOS;
838;4069;ORNE DECOR STUDIO LTDA;74000;PROJETO BLVD ALTI;09/10/2024;Matheus Maia Elias ;Totalmente entregue;R$ 1.638,55;;R$ 1.638,55;PRODUTO;INCORPORAÇÃO - BLVD ALTI;
839;4070;BELA HOME COMERCIO DE ARTIGOS ELETRICOS SOCIEDADE UNIPESSOAL LTDA;74000;PROJETO BLVD ALTI;09/10/2024;Matheus Maia Elias ;Totalmente entregue;R$ 2.130,00;;R$ 2.130,00;PRODUTO;INCORPORAÇÃO - BLVD ALTI;
841;4004;BOOBAM DESIGN E ARTE S.A;74000;PROJETO BLVD ALTI;09/10/2024;Matheus Maia Elias ;Totalmente entregue;R$ 18.623,15;;R$ 18.623,15;PRODUTO;INCORPORAÇÃO - BLVD ALTI;
842;2918;ESTOK COMERCIO E REPRESENTACOES S.A.;70100;ESPAÇO ARQOS;09/10/2024;Matheus Maia Elias ;Totalmente entregue;R$ 1.419,60;;R$ 1.419,60;PLANEJAMENTO;ESPAÇO ARQOS;
843;4073;FAMILIA SANTANNA PDL COMERCIO INDUSTRIA EXPORTACAO E IMPORTACAO LTDA;74000;PROJETO BLVD ALTI;10/10/2024;Matheus Maia Elias ;Totalmente entregue;R$ 3.859,86;;R$ 3.859,86;PRODUTO;INCORPORAÇÃO - BLVD ALTI;
844;4074;LUNARE ILUMINACAO E DECORACAO LTDA;74000;PROJETO BLVD ALTI;10/10/2024;Matheus Maia Elias ;Totalmente entregue;R$ 12.008,00;;R$ 12.008,00;PRODUTO;INCORPORAÇÃO - BLVD ALTI;
845;4071;JV TUBOS E ACABAMENTOS - EIRELI;75000;PROJETO ESTÂNCIA PARQUE ATIBAIA II;10/10/2024;Matheus Maia Elias ;Totalmente entregue;R$ 2.442,28;;R$ 2.442,28;Engenharia 3ºs;CONSTRUÇÃO;
846;3405;TVG COMERCIO E SERVICOS DE TUBOS E CONEXOES DE PEAD EIRELI;75000;PROJETO ESTÂNCIA PARQUE ATIBAIA II;10/10/2024;Matheus Maia Elias ;Cancelado;R$ 6.200,01;;R$ 945,50;Engenharia 3ºs;CONSTRUÇÃO;
847;3406;X MADEIRAS COMERCIO DE MATERIAIS PARA CONSTRUCAO LTDA;75000;PROJETO ESTÂNCIA PARQUE ATIBAIA II;10/10/2024;Matheus Maia Elias ;Totalmente entregue;R$ 283,14;;R$ 283,14;Engenharia 3ºs;CONSTRUÇÃO;
848;3406;X MADEIRAS COMERCIO DE MATERIAIS PARA CONSTRUCAO LTDA;75000;PROJETO ESTÂNCIA PARQUE ATIBAIA II;10/10/2024;Matheus Maia Elias ;Totalmente entregue;R$ 475,42;;R$ 475,42;Engenharia 3ºs;CONSTRUÇÃO;
849;4075;KALUNGA SA;70020;FACILITIES;10/10/2024;Matheus Maia Elias ;Totalmente entregue;R$ 493,37;;R$ 493,37;FACILITIES;FACILITIES;
850;2804;UNIAR COMERCIO DE ELETRO-ELETRONICOS E SERVICOS LTDA.;70100;ESPAÇO ARQOS;11/10/2024;LILIANE SILVA;Totalmente entregue;R$ 2.223,36;;R$ 2.223,36;ENGENHARIA;ESPAÇO ARQOS;
851;4076;DECORBANHO ACABAMENTOS E FERRAGENS LTDA;74000;PROJETO BLVD ALTI;14/10/2024;Matheus Maia Elias ;Cancelado;R$ 14.252,00;;R$ 14.249,15;PRODUTO;INCORPORAÇÃO - BLVD ALTI;
852;4077;TECNOBANHO HIDRAULICA LTDA;74000;PROJETO BLVD ALTI;15/10/2024;Matheus Maia Elias ;Totalmente entregue;R$ 25.352,82;;R$ 25.352,82;PRODUTO;INCORPORAÇÃO - BLVD ALTI;
853;4079;PARIS LUZ ILUMINACAO LTDA;74000;PROJETO BLVD ALTI;15/10/2024;Matheus Maia Elias ;Totalmente entregue;R$ 317,39;;R$ 317,39;PRODUTO;INCORPORAÇÃO - BLVD ALTI;
854;4083;DECORACE ARTE E DESIGN EM FERRO E MOSAICO LTDA;74000;PROJETO BLVD ALTI;16/10/2024;Matheus Maia Elias ;Totalmente entregue;R$ 60.025,00;;R$ 60.025,00;PRODUTO;INCORPORAÇÃO - BLVD ALTI;
856;3726;GUAIRA REAL MATERA COMERCIO LTDA;50090;DISTRITQ;17/10/2024;LILIANE SILVA;Totalmente entregue;R$ 5.043,30;;R$ 5.043,30;PLANEJAMENTO;DISTRITQ;
857;3791;COMERCIAL DE GESSO E DRYWALL J LTDA;74000;PROJETO BLVD ALTI;17/10/2024;Matheus Maia Elias ;Totalmente entregue;R$ 5.668,94;;R$ 5.668,94;ENGENHARIA;INCORPORAÇÃO - BLVD ALTI;
858;4089;BELLO ACABAMENTOS DA CONSTRUCAO LTDA;74000;PROJETO BLVD ALTI;17/10/2024;Matheus Maia Elias ;Totalmente entregue;R$ 38.000,00;;R$ 38.000,00;ENGENHARIA;INCORPORAÇÃO - BLVD ALTI;
859;4090;JP COMERCIO DE PISOS E REVESTIMENTOS LTDA;74000;PROJETO BLVD ALTI;17/10/2024;Matheus Maia Elias ;Totalmente entregue;R$ 10.075,30;;R$ 10.075,30;ENGENHARIA;INCORPORAÇÃO - BLVD ALTI;
860;4091;COMERCIAL ELETRICA BMC LTDA;50050;MANUTENÇÃO DE AREAS - FPN;18/10/2024;Matheus Maia Elias ;Totalmente entregue;R$ 20.220,00;;R$ 20.220,00;LOTEAMENTO;MANUTENÇÃO DE AREAS FPN;
861;4028;PERFORMANCE COMERCIO DE AREIA E PEDRA LTDA;50050;MANUTENÇÃO DE AREAS - FPN;18/10/2024;Matheus Maia Elias ;Totalmente entregue;R$ 3.199,50;;R$ 3.199,50;LOTEAMENTO;MANUTENÇÃO DE AREAS FPN;
864;3836;AMONRRAH DE OLIVEIRA CATANHO MORAES;50050;MANUTENÇÃO DE AREAS - FPN;18/10/2024;Matheus Maia Elias ;Totalmente entregue;R$ 3.706,90;;R$ 3.706,90;LOTEAMENTO;MANUTENÇÃO DE AREAS FPN;
865;4099;BRANCO COMERCIO DE PAPEIS LTDA.;74000;PROJETO BLVD ALTI;21/10/2024;Matheus Maia Elias ;Totalmente entregue;R$ 20.965,00;;R$ 20.965,00;PRODUTO;INCORPORAÇÃO - BLVD ALTI;
866;4074;LUNARE ILUMINACAO E DECORACAO LTDA;74000;PROJETO BLVD ALTI;21/10/2024;Matheus Maia Elias ;Totalmente entregue;R$ 2.323,20;;R$ 2.323,20;PRODUTO;INCORPORAÇÃO - BLVD ALTI;
867;3319;ELIZABETE MONTEIRO ALVES;70100;ESPAÇO ARQOS;22/10/2024;LILIANE SILVA;Totalmente entregue;R$ 3.044,62;;R$ 3.044,62;MARKETING;ESPAÇO ARQOS;
868;4101;JULIO VIDROS LTDA;74000;PROJETO BLVD ALTI;23/10/2024;Matheus Maia Elias ;Totalmente entregue;R$ 4.406,00;;R$ 4.406,00;PRODUTO;INCORPORAÇÃO - BLVD ALTI;
869;4103;VHF SACOLAS E TAPETES PERSONALIZADOS EIRELI;74000;PROJETO BLVD ALTI;23/10/2024;Matheus Maia Elias ;Totalmente entregue;R$ 534,00;;R$ 534,00;PRODUTO;INCORPORAÇÃO - BLVD ALTI;
870;3369;MAGAZINE LUIZA S/A;70021;Gente e Gestão;23/10/2024;Matheus Maia Elias ;Totalmente entregue;R$ 1.114,14;;R$ 1.114,14;GENTE E GESTÃO;Gente e Gestão;
871;1843;MAGALU PAGAMENTOS LTDA;74000;PROJETO BLVD ALTI;24/10/2024;Matheus Maia Elias ;Totalmente entregue;R$ 642,44;;R$ 642,44;PRODUTO;INCORPORAÇÃO - BLVD ALTI;
872;3713;OLYRA SERVICOS E COMERCIO LTDA;74000;PROJETO BLVD ALTI;28/10/2024;Matheus Maia Elias ;Totalmente entregue;R$ 2.197,40;;R$ 2.197,40;PRODUTO;INCORPORAÇÃO - BLVD ALTI;
873;4074;LUNARE ILUMINACAO E DECORACAO LTDA;74000;PROJETO BLVD ALTI;28/10/2024;Matheus Maia Elias ;Totalmente entregue;R$ 1.382,30;;R$ 1.382,30;PRODUTO;INCORPORAÇÃO - BLVD ALTI;
874;4004;BOOBAM DESIGN E ARTE S.A;74000;PROJETO BLVD ALTI;29/10/2024;Matheus Maia Elias ;Totalmente entregue;R$ 4.172,34;;R$ 4.172,34;PRODUTO;INCORPORAÇÃO - BLVD ALTI;
876;3405;TVG COMERCIO E SERVICOS DE TUBOS E CONEXOES DE PEAD EIRELI;75000;PROJETO ESTÂNCIA PARQUE ATIBAIA II;30/10/2024;Matheus Maia Elias ;Totalmente entregue;R$ 11.800,01;;R$ 11.800,01;Engenharia 3ºs;CONSTRUÇÃO;
877;4071;JV TUBOS E ACABAMENTOS - EIRELI;75000;PROJETO ESTÂNCIA PARQUE ATIBAIA II;30/10/2024;Matheus Maia Elias ;Totalmente entregue;R$ 3.744,14;;R$ 3.744,14;Engenharia 3ºs;CONSTRUÇÃO;
878;4117;HYDRA MATERIAIS PARA SANEAMENTO LTDA;75000;PROJETO ESTÂNCIA PARQUE ATIBAIA II;30/10/2024;Matheus Maia Elias ;Totalmente entregue;R$ 4.180,00;;R$ 4.180,00;Engenharia 3ºs;CONSTRUÇÃO;
879;3338;DECORWATTS ELETRICA E ILUMINACAO LTDA;70100;ESPAÇO ARQOS;30/10/2024;Matheus Maia Elias ;Totalmente entregue;R$ 1.050,00;;R$ 1.050,00;ENGENHARIA;ESPAÇO ARQOS;
880;4115;MEGAZAVATTI MARMORES E GRANITOS EIRELI;74000;PROJETO BLVD ALTI;31/10/2024;Matheus Maia Elias ;Totalmente entregue;R$ 203.984,79;;R$ 203.984,79;ENGENHARIA;INCORPORAÇÃO - BLVD ALTI;
881;4120;WK - COMERCIO DE PISOS EIRELI;74000;PROJETO BLVD ALTI;31/10/2024;Matheus Maia Elias ;Totalmente entregue;R$ 16.583,97;;R$ 16.583,97;ENGENHARIA;INCORPORAÇÃO - BLVD ALTI;
884;3961;MDK UNIFORMES LTDA;70019;MARKETING;01/11/2024;Matheus Maia Elias ;Totalmente entregue;R$ 1.125,00;;R$ 1.125,00;MARKETING;MARKETING;
885;562;IVETY M FONSECA AURELIO CARTUCHOS ME;70020;FACILITIES;04/11/2024;Matheus Maia Elias ;Totalmente entregue;R$ 1.110,00;;R$ 1.110,00;FACILITIES;FACILITIES;
886;4083;DECORACE ARTE E DESIGN EM FERRO E MOSAICO LTDA;74000;PROJETO BLVD ALTI;05/11/2024;Matheus Maia Elias ;Totalmente entregue;R$ 4.300,00;;R$ 4.300,00;PRODUTO;INCORPORAÇÃO - BLVD ALTI;
887;4131;CASA SANTA LUZIA IMPORTADORA LTDA;70021;Gente e Gestão;07/11/2024;Matheus Maia Elias ;Totalmente entregue;R$ 20.475,00;;R$ 20.475,00;GENTE E GESTÃO;Gente e Gestão;
888;3369;MAGAZINE LUIZA S/A;70100;ESPAÇO ARQOS;07/11/2024;Matheus Maia Elias ;Totalmente entregue;R$ 1.758,95;;R$ 1.758,95;MARKETING;ESPAÇO ARQOS;
889;3369;MAGAZINE LUIZA S/A;70100;ESPAÇO ARQOS;07/11/2024;Matheus Maia Elias ;Totalmente entregue;R$ 3.623,66;;R$ 3.623,66;MARKETING;ESPAÇO ARQOS;
890;2918;ESTOK COMERCIO E REPRESENTACOES S.A.;70100;ESPAÇO ARQOS;13/11/2024;Matheus Maia Elias ;Totalmente entregue;R$ 9.213,12;;R$ 9.213,12;PLANEJAMENTO;ESPAÇO ARQOS;
891;3797;FERRONOR COMERCIO DE FERRO E ACO LTDA;74000;PROJETO BLVD ALTI;14/11/2024;Matheus Maia Elias ;Totalmente entregue;R$ 10.271,10;;R$ 10.271,10;ENGENHARIA;INCORPORAÇÃO - BLVD ALTI;
892;4090;JP COMERCIO DE PISOS E REVESTIMENTOS LTDA;74000;PROJETO BLVD ALTI;14/11/2024;Matheus Maia Elias ;Totalmente entregue;R$ 15.500,76;;R$ 15.500,76;ENGENHARIA;INCORPORAÇÃO - BLVD ALTI;
893;4137;RLS ESQUADRIAS DE ALUMINIO LTDA;74000;PROJETO BLVD ALTI;14/11/2024;Matheus Maia Elias ;Totalmente entregue;R$ 44.700,00;;R$ 44.700,00;ENGENHARIA;INCORPORAÇÃO - BLVD ALTI;
895;4045;SF SISTEMA DE FORMAS PARA CONCRETO LTDA;75000;PROJETO ESTÂNCIA PARQUE ATIBAIA II;19/11/2024;Matheus Maia Elias ;Totalmente entregue;R$ 3.853,92;;R$ 3.853,92;Engenharia 3ºs;CONSTRUÇÃO;
896;4131;CASA SANTA LUZIA IMPORTADORA LTDA;70047;PRESIDENCIA;21/11/2024;Matheus Maia Elias ;Totalmente entregue;R$ 23.875,00;;R$ 23.875,00;PRESIDENCIA;PRESIDENCIA;
897;4150;CORP URB COMERCIO DE MOVEIS E SERVICOS LTDA;70100;ESPAÇO ARQOS;25/11/2024;Matheus Maia Elias ;Totalmente entregue;R$ 5.878,00;;R$ 5.878,00;PLANEJAMENTO;ESPAÇO ARQOS;
898;4012;DANFANPLAST INSTALACAO E MANUTENCAO LTDA;75000;PROJETO ESTÂNCIA PARQUE ATIBAIA II;25/11/2024;Matheus Maia Elias ;Totalmente entregue;R$ 6.600,00;;R$ 6.600,00;Engenharia 3ºs;CONSTRUÇÃO;
899;3438;GERDAU ACOS LONGOS S.A.;75000;PROJETO ESTÂNCIA PARQUE ATIBAIA II;25/11/2024;Matheus Maia Elias ;Totalmente entregue;R$ 7.143,16;;R$ 7.143,16;Engenharia 3ºs;CONSTRUÇÃO;
900;4142;NOVA ERA DRENAGEM E PRE-MOLDADOS LTDA.;75000;PROJETO ESTÂNCIA PARQUE ATIBAIA II;25/11/2024;Matheus Maia Elias ;Totalmente entregue;R$ 15.900,00;;R$ 15.900,00;Engenharia 3ºs;CONSTRUÇÃO;
901;3973;ZULCARE COZINHA DE DOCES LTDA.;70019;MARKETING;26/11/2024;Matheus Maia Elias ;Totalmente entregue;R$ 6.060,00;;R$ 6.060,00;MARKETING;MARKETING;
902;3369;MAGAZINE LUIZA S/A;70021;Gente e Gestão;28/11/2024;Matheus Maia Elias ;Totalmente entregue;R$ 3.846,20;;R$ 3.846,20;GENTE E GESTÃO;Gente e Gestão;
903;3369;MAGAZINE LUIZA S/A;70021;Gente e Gestão;28/11/2024;Matheus Maia Elias ;Cancelado;R$ 3.486,11;;R$ 3.165,39;GENTE E GESTÃO;Gente e Gestão;
904;3319;ELIZABETE MONTEIRO ALVES;70100;ESPAÇO ARQOS;28/11/2024;Matheus Maia Elias ;Parcialmente entregue;R$ 4.609,73;R$ 30,65;R$ 4.579,08;MARKETING;ESPAÇO ARQOS;
905;562;IVETY M FONSECA AURELIO CARTUCHOS ME;70100;ESPAÇO ARQOS;28/11/2024;Matheus Maia Elias ;Totalmente entregue;R$ 725,00;;R$ 725,00;MARKETING;ESPAÇO ARQOS;
906;1808;VEC VAREJO ESPECIALIZADO EM CONSTRUTORA EIRELI;70100;ESPAÇO ARQOS;29/11/2024;Matheus Maia Elias ;Totalmente entregue;R$ 429,37;;R$ 429,37;ENGENHARIA;ESPAÇO ARQOS;